"","Region","CountryCode","Country"
"1","Western Europe","AT","Austria"
"2","Western Europe","BE","Belgium"
"3","Western Europe","CH","Switzerland"
"4","Western Europe","CY","Cyprus"
"5","Western Europe","DE","Germany"
"6","Western Europe","DK","Denmark"
"7","Western Europe","ES","Spain"
"8","Western Europe","FI","Finland"
"9","Western Europe","FR","France"
"10","Western Europe","GB","United Kingdom"
"11","Western Europe","GI","Gibraltar"
"12","Western Europe","GR","Greece"
"13","Western Europe","IC","Iceland"
"14","Western Europe","IE","Ireland"
"15","Western Europe","IT","Italy"
"16","Western Europe","LI","Liechtenstein"
"17","Western Europe","LX","Luxembourg"
"18","Western Europe","MN","Monaco"
"19","Western Europe","MT","Malta"
"20","Western Europe","NL","Netherlands"
"21","Western Europe","NO","Norway"
"22","Western Europe","PT","Portugal"
"23","Western Europe","RR","Andorra"
"24","Western Europe","SE","Sweden"
"25","Western Europe","TR","Turkey"
"26","Eastern Europe","AB","Albania"
"27","Eastern Europe","BL","Belarus"
"28","Eastern Europe","BS","Bosnia-Herzegovina"
"29","Eastern Europe","BU","Bulgaria"
"30","Eastern Europe","CR","Croatia"
"31","Eastern Europe","CS","Czech Republic"
"32","Eastern Europe","ET","Estonia"
"33","Eastern Europe","GG","Georgia"
"34","Eastern Europe","HU","Hungary"
"35","Eastern Europe","LA","Latvia"
"36","Eastern Europe","LT","Lithuania"
"37","Eastern Europe","MD","Macedonia"
"38","Eastern Europe","MV","Moldova"
"39","Eastern Europe","PL","Poland"
"40","Eastern Europe","RO","Romania"
"41","Eastern Europe","RU","Russia"
"42","Eastern Europe","SK","Slovakia"
"43","Eastern Europe","SV","Slovenia"
"44","Eastern Europe","UK","Ukraine"
"45","Eastern Europe","RS","Serbia"
"46","Eastern Europe","KS","Kosovo"
"47","Eastern Europe","ME","Montenegro"
"48","Europe","AB","Albania"
"49","Europe","AT","Austria"
"50","Europe","BE","Belgium"
"51","Europe","BL","Belarus"
"52","Europe","BS","Bosnia-Herzegovina"
"53","Europe","BU","Bulgaria"
"54","Europe","CH","Switzerland"
"55","Europe","CR","Croatia"
"56","Europe","CS","Czech Republic"
"57","Europe","CY","Cyprus"
"58","Europe","DE","Germany"
"59","Europe","DK","Denmark"
"60","Europe","ES","Spain"
"61","Europe","ET","Estonia"
"62","Europe","FI","Finland"
"63","Europe","FR","France"
"64","Europe","GB","United Kingdom"
"65","Europe","GG","Georgia"
"66","Europe","GI","Gibraltar"
"67","Europe","GR","Greece"
"68","Europe","HU","Hungary"
"69","Europe","IC","Iceland"
"70","Europe","IE","Ireland"
"71","Europe","IT","Italy"
"72","Europe","LA","Latvia"
"73","Europe","LI","Liechtenstein"
"74","Europe","LT","Lithuania"
"75","Europe","LX","Luxembourg"
"76","Europe","MD","Macedonia"
"77","Europe","MN","Monaco"
"78","Europe","MT","Malta"
"79","Europe","MV","Moldova"
"80","Europe","NL","Netherlands"
"81","Europe","NO","Norway"
"82","Europe","PL","Poland"
"83","Europe","PT","Portugal"
"84","Europe","RO","Romania"
"85","Europe","RR","Andorra"
"86","Europe","RU","Russia"
"87","Europe","SE","Sweden"
"88","Europe","SK","Slovakia"
"89","Europe","SV","Slovenia"
"90","Europe","TR","Turkey"
"91","Europe","UK","Ukraine"
"92","Europe","RS","Serbia"
"93","Europe","KS","Kosovo"
"94","Europe","ME","Montenegro"
"95","North America","CA","Canada"
"96","North America","US","USA"
"97","Latin America","AA","Antigua"
"98","Latin America","AI","Anguilla"
"99","Latin America","AR","Argentina"
"100","Latin America","AZ","Aruba"
"101","Latin America","BB","Barbados"
"102","Latin America","BD","Bermuda"
"103","Latin America","BM","Bahamas"
"104","Latin America","BR","Brazil"
"105","Latin America","BV","Bolivia"
"106","Latin America","BZ","Belize"
"107","Latin America","CL","Chile"
"108","Latin America","CM","Cayman Islands"
"109","Latin America","CO","Colombia"
"110","Latin America","CU","Cuba"
"111","Latin America","DM","Dominica"
"112","Latin America","DR","Dominican Republic"
"113","Latin America","EC","Ecuador"
"114","Latin America","FG","French Guiana"
"115","Latin America","GD","Grenada"
"116","Latin America","GP","Guadeloupe"
"117","Latin America","GT","Guatemala"
"118","Latin America","GY","Guyana"
"119","Latin America","HD","Honduras"
"120","Latin America","HT","Haiti"
"121","Latin America","JM","Jamaica"
"122","Latin America","KT","St Kitts"
"123","Latin America","LC","St Lucia"
"124","Latin America","LS","El Salvador"
"125","Latin America","MQ","Martinique"
"126","Latin America","MX","Mexico"
"127","Latin America","NC","Nicaragua"
"128","Latin America","PG","Paraguay"
"129","Latin America","PM","Panama"
"130","Latin America","PR","Puerto Rico"
"131","Latin America","PU","Peru"
"132","Latin America","RI","Costa Rica"
"133","Latin America","SU","Suriname"
"134","Latin America","TT","Trinidad and Tobago"
"135","Latin America","UY","Uruguay"
"136","Latin America","VE","Venezuela"
"137","Latin America","VG","St Vincent and the Grenadines"
"138","Latin America","VI","British Virgin Islands"
"139","Latin America","CC","Curacao"
"140","Latin America","SM","Sint Maarten"
"141","Latin America","UV","US Virgin Islands"
"142","Americas","AA","Antigua"
"143","Americas","AI","Anguilla"
"144","Americas","AR","Argentina"
"145","Americas","AZ","Aruba"
"146","Americas","BB","Barbados"
"147","Americas","BD","Bermuda"
"148","Americas","BM","Bahamas"
"149","Americas","BR","Brazil"
"150","Americas","BV","Bolivia"
"151","Americas","BZ","Belize"
"152","Americas","CA","Canada"
"153","Americas","CL","Chile"
"154","Americas","CM","Cayman Islands"
"155","Americas","CO","Colombia"
"156","Americas","CU","Cuba"
"157","Americas","DM","Dominica"
"158","Americas","DR","Dominican Republic"
"159","Americas","EC","Ecuador"
"160","Americas","FG","French Guiana"
"161","Americas","GD","Grenada"
"162","Americas","GP","Guadeloupe"
"163","Americas","GT","Guatemala"
"164","Americas","GY","Guyana"
"165","Americas","HD","Honduras"
"166","Americas","HT","Haiti"
"167","Americas","JM","Jamaica"
"168","Americas","KT","St Kitts"
"169","Americas","LC","St Lucia"
"170","Americas","LS","El Salvador"
"171","Americas","MQ","Martinique"
"172","Americas","MX","Mexico"
"173","Americas","NC","Nicaragua"
"174","Americas","PG","Paraguay"
"175","Americas","PM","Panama"
"176","Americas","PR","Puerto Rico"
"177","Americas","PU","Peru"
"178","Americas","RI","Costa Rica"
"179","Americas","SU","Suriname"
"180","Americas","TT","Trinidad and Tobago"
"181","Americas","US","USA"
"182","Americas","UY","Uruguay"
"183","Americas","VE","Venezuela"
"184","Americas","VG","St Vincent and the Grenadines"
"185","Americas","VI","British Virgin Islands"
"186","Americas","CC","Curacao"
"187","Americas","SM","Sint Maarten"
"188","Americas","UV","US Virgin Islands"
"189","Asia Pacific","AF","Afghanistan"
"190","Asia Pacific","AJ","Azerbaijan"
"191","Asia Pacific","AM","Armenia"
"192","Asia Pacific","AO","Laos"
"193","Asia Pacific","AS","American Samoa"
"194","Asia Pacific","BG","Bangladesh"
"195","Asia Pacific","BN","Bhutan"
"196","Asia Pacific","CB","Cambodia"
"197","Asia Pacific","CN","China"
"198","Asia Pacific","EI","Brunei"
"199","Asia Pacific","FJ","Fiji"
"200","Asia Pacific","FP","French Polynesia"
"201","Asia Pacific","GM","Guam"
"202","Asia Pacific","HK","Hong Kong, China"
"203","Asia Pacific","ID","Indonesia"
"204","Asia Pacific","IN","India"
"205","Asia Pacific","JP","Japan"
"206","Asia Pacific","KA","Sri Lanka"
"207","Asia Pacific","KB","Kiribati"
"208","Asia Pacific","KK","Kazakhstan"
"209","Asia Pacific","KR","South Korea"
"210","Asia Pacific","KZ","Kyrgyzstan"
"211","Asia Pacific","MA","Maldives"
"212","Asia Pacific","ML","Mongolia"
"213","Asia Pacific","MR","Myanmar"
"214","Asia Pacific","MU","Macau"
"215","Asia Pacific","MY","Malaysia"
"216","Asia Pacific","NK","North Korea"
"217","Asia Pacific","NP","Nepal"
"218","Asia Pacific","NU","Nauru"
"219","Asia Pacific","NW","New Caledonia"
"220","Asia Pacific","PH","Philippines"
"221","Asia Pacific","PK","Pakistan"
"222","Asia Pacific","PP","Papua New Guinea"
"223","Asia Pacific","SG","Singapore"
"224","Asia Pacific","SI","Solomon Islands"
"225","Asia Pacific","TG","Tonga"
"226","Asia Pacific","TH","Thailand"
"227","Asia Pacific","TK","Tajikistan"
"228","Asia Pacific","TM","Turkmenistan"
"229","Asia Pacific","TV","Tuvalu"
"230","Asia Pacific","TW","Taiwan"
"231","Asia Pacific","UZ","Uzbekistan"
"232","Asia Pacific","VN","Vietnam"
"233","Asia Pacific","VT","Vanuatu"
"234","Asia Pacific","WS","Samoa"
"235","Australasia","AU","Australia"
"236","Australasia","NZ","New Zealand"
"237","Africa and Middle East","AC","Central African Republic"
"238","Africa and Middle East","AG","Angola"
"239","Africa and Middle East","AL","Algeria"
"240","Africa and Middle East","BF","Burkina Faso"
"241","Africa and Middle East","BH","Bahrain"
"242","Africa and Middle East","BI","Benin"
"243","Africa and Middle East","CD","Chad"
"244","Africa and Middle East","CG","Congo-Brazzaville"
"245","Africa and Middle East","CI","C?te d'Ivoire"
"246","Africa and Middle East","CP","Sao Tomé e Pr?ncipe"
"247","Africa and Middle East","CV","Cape Verde"
"248","Africa and Middle East","DJ","Djibouti"
"249","Africa and Middle East","EE","Eritrea"
"250","Africa and Middle East","EG","Egypt"
"251","Africa and Middle East","EP","Ethiopia"
"252","Africa and Middle East","EQ","Equatorial Guinea"
"253","Africa and Middle East","GC","Madagascar"
"254","Africa and Middle East","GH","Ghana"
"255","Africa and Middle East","GO","Gabon"
"256","Africa and Middle East","GU","Guinea"
"257","Africa and Middle East","IQ","Iraq"
"258","Africa and Middle East","IR","Iran"
"259","Africa and Middle East","IS","Israel"
"260","Africa and Middle East","JO","Jordan"
"261","Africa and Middle East","KW","Kuwait"
"262","Africa and Middle East","KY","Kenya"
"263","Africa and Middle East","LB","Lebanon"
"264","Africa and Middle East","LE","Liberia"
"265","Africa and Middle East","LN","Sierra Leone"
"266","Africa and Middle East","LO","Lesotho"
"267","Africa and Middle East","LY","Libya"
"268","Africa and Middle East","MB","Gambia"
"269","Africa and Middle East","MI","Mali"
"270","Africa and Middle East","MM","Mauritania"
"271","Africa and Middle East","MO","Morocco"
"272","Africa and Middle East","MS","Comoros"
"273","Africa and Middle East","MW","Malawi"
"274","Africa and Middle East","NB","Namibia"
"275","Africa and Middle East","NG","Nigeria"
"276","Africa and Middle East","NN","Niger"
"277","Africa and Middle East","OM","Oman"
"278","Africa and Middle East","OO","Cameroon"
"279","Africa and Middle East","QT","Qatar"
"280","Africa and Middle East","RW","Rwanda"
"281","Africa and Middle East","SA","Saudi Arabia"
"282","Africa and Middle East","SD","Sudan"
"283","Africa and Middle East","SL","Senegal"
"284","Africa and Middle East","SO","Somalia"
"285","Africa and Middle East","SS","Guinea-Bissau"
"286","Africa and Middle East","SW","Botswana"
"287","Africa and Middle East","SY","Syria"
"288","Africa and Middle East","SZ","Swaziland"
"289","Africa and Middle East","TO","Togo"
"290","Africa and Middle East","TS","Mauritius"
"291","Africa and Middle East","TU","Tunisia"
"292","Africa and Middle East","TZ","Tanzania"
"293","Africa and Middle East","UA","United Arab Emirates"
"294","Africa and Middle East","UG","Uganda"
"295","Africa and Middle East","UN","Réunion"
"296","Africa and Middle East","UU","Burundi"
"297","Africa and Middle East","YC","Seychelles"
"298","Africa and Middle East","YE","Yemen"
"299","Africa and Middle East","ZA","South Africa"
"300","Africa and Middle East","ZB","Zambia"
"301","Africa and Middle East","ZI","Congo, Democratic Republic"
"302","Africa and Middle East","ZM","Mozambique"
"303","Africa and Middle East","ZW","Zimbabwe"
"304","Africa and Middle East","SN","South Sudan"
"305","APEC","AU","Australia"
"306","APEC","CA","Canada"
"307","APEC","CL","Chile"
"308","APEC","CN","China"
"309","APEC","EI","Brunei"
"310","APEC","HK","Hong Kong, China"
"311","APEC","ID","Indonesia"
"312","APEC","JP","Japan"
"313","APEC","KR","South Korea"
"314","APEC","MX","Mexico"
"315","APEC","MY","Malaysia"
"316","APEC","NZ","New Zealand"
"317","APEC","PH","Philippines"
"318","APEC","PP","Papua New Guinea"
"319","APEC","PU","Peru"
"320","APEC","RU","Russia"
"321","APEC","SG","Singapore"
"322","APEC","TH","Thailand"
"323","APEC","TW","Taiwan"
"324","APEC","US","USA"
"325","APEC","VN","Vietnam"
"326","ASEAN","AO","Laos"
"327","ASEAN","CB","Cambodia"
"328","ASEAN","EI","Brunei"
"329","ASEAN","ID","Indonesia"
"330","ASEAN","MR","Myanmar"
"331","ASEAN","MY","Malaysia"
"332","ASEAN","PH","Philippines"
"333","ASEAN","SG","Singapore"
"334","ASEAN","TH","Thailand"
"335","ASEAN","VN","Vietnam"
"336","EU","AT","Austria"
"337","EU","BE","Belgium"
"338","EU","BU","Bulgaria"
"339","EU","CS","Czech Republic"
"340","EU","CY","Cyprus"
"341","EU","DE","Germany"
"342","EU","DK","Denmark"
"343","EU","ES","Spain"
"344","EU","ET","Estonia"
"345","EU","FI","Finland"
"346","EU","FR","France"
"347","EU","GB","United Kingdom"
"348","EU","GR","Greece"
"349","EU","HU","Hungary"
"350","EU","IE","Ireland"
"351","EU","IT","Italy"
"352","EU","LA","Latvia"
"353","EU","LT","Lithuania"
"354","EU","LX","Luxembourg"
"355","EU","MT","Malta"
"356","EU","NL","Netherlands"
"357","EU","PL","Poland"
"358","EU","PT","Portugal"
"359","EU","RO","Romania"
"360","EU","SE","Sweden"
"361","EU","SK","Slovakia"
"362","EU","SV","Slovenia"
"363","EuroZone","AT","Austria"
"364","EuroZone","BE","Belgium"
"365","EuroZone","CY","Cyprus"
"366","EuroZone","DE","Germany"
"367","EuroZone","ES","Spain"
"368","EuroZone","ET","Estonia"
"369","EuroZone","FI","Finland"
"370","EuroZone","FR","France"
"371","EuroZone","GR","Greece"
"372","EuroZone","IE","Ireland"
"373","EuroZone","IT","Italy"
"374","EuroZone","LX","Luxembourg"
"375","EuroZone","MT","Malta"
"376","EuroZone","NL","Netherlands"
"377","EuroZone","PT","Portugal"
"378","EuroZone","SK","Slovakia"
"379","EuroZone","SV","Slovenia"
"380","Mercosur","AR","Argentina"
"381","Mercosur","BR","Brazil"
"382","Mercosur","PG","Paraguay"
"383","Mercosur","UY","Uruguay"
"384","NAFTA","CA","Canada"
"385","NAFTA","MX","Mexico"
"386","NAFTA","PR","Puerto Rico"
"387","NAFTA","US","USA"
"388","OECD","AT","Austria"
"389","OECD","AU","Australia"
"390","OECD","BE","Belgium"
"391","OECD","CA","Canada"
"392","OECD","CH","Switzerland"
"393","OECD","CL","Chile"
"394","OECD","CS","Czech Republic"
"395","OECD","DE","Germany"
"396","OECD","DK","Denmark"
"397","OECD","ES","Spain"
"398","OECD","ET","Estonia"
"399","OECD","FI","Finland"
"400","OECD","FR","France"
"401","OECD","GB","United Kingdom"
"402","OECD","GR","Greece"
"403","OECD","HU","Hungary"
"404","OECD","IC","Iceland"
"405","OECD","IE","Ireland"
"406","OECD","IS","Israel"
"407","OECD","IT","Italy"
"408","OECD","JP","Japan"
"409","OECD","KR","South Korea"
"410","OECD","LX","Luxembourg"
"411","OECD","MX","Mexico"
"412","OECD","NL","Netherlands"
"413","OECD","NO","Norway"
"414","OECD","NZ","New Zealand"
"415","OECD","PL","Poland"
"416","OECD","PT","Portugal"
"417","OECD","SE","Sweden"
"418","OECD","SK","Slovakia"
"419","OECD","SV","Slovenia"
"420","OECD","TR","Turkey"
"421","OECD","US","USA"
"422","G8","CA","Canada"
"423","G8","DE","Germany"
"424","G8","FR","France"
"425","G8","GB","United Kingdom"
"426","G8","IT","Italy"
"427","G8","JP","Japan"
"428","G8","RU","Russia"
"429","G8","US","USA"
"430","World","AA","Antigua"
"431","World","AB","Albania"
"432","World","AC","Central African Republic"
"433","World","AF","Afghanistan"
"434","World","AG","Angola"
"435","World","AI","Anguilla"
"436","World","AJ","Azerbaijan"
"437","World","AL","Algeria"
"438","World","AM","Armenia"
"439","World","AO","Laos"
"440","World","AR","Argentina"
"441","World","AS","American Samoa"
"442","World","AT","Austria"
"443","World","AU","Australia"
"444","World","AZ","Aruba"
"445","World","BB","Barbados"
"446","World","BD","Bermuda"
"447","World","BE","Belgium"
"448","World","BF","Burkina Faso"
"449","World","BG","Bangladesh"
"450","World","BH","Bahrain"
"451","World","BI","Benin"
"452","World","BL","Belarus"
"453","World","BM","Bahamas"
"454","World","BN","Bhutan"
"455","World","BR","Brazil"
"456","World","BS","Bosnia-Herzegovina"
"457","World","BU","Bulgaria"
"458","World","BV","Bolivia"
"459","World","BZ","Belize"
"460","World","CA","Canada"
"461","World","CB","Cambodia"
"462","World","CD","Chad"
"463","World","CG","Congo-Brazzaville"
"464","World","CH","Switzerland"
"465","World","CI","C?te d'Ivoire"
"466","World","CL","Chile"
"467","World","CM","Cayman Islands"
"468","World","CN","China"
"469","World","CO","Colombia"
"470","World","CP","Sao Tomé e Pr?ncipe"
"471","World","CR","Croatia"
"472","World","CS","Czech Republic"
"473","World","CU","Cuba"
"474","World","CV","Cape Verde"
"475","World","CY","Cyprus"
"476","World","DE","Germany"
"477","World","DJ","Djibouti"
"478","World","DK","Denmark"
"479","World","DM","Dominica"
"480","World","DR","Dominican Republic"
"481","World","EC","Ecuador"
"482","World","EE","Eritrea"
"483","World","EG","Egypt"
"484","World","EI","Brunei"
"485","World","EP","Ethiopia"
"486","World","EQ","Equatorial Guinea"
"487","World","ES","Spain"
"488","World","ET","Estonia"
"489","World","FG","French Guiana"
"490","World","FI","Finland"
"491","World","FJ","Fiji"
"492","World","FP","French Polynesia"
"493","World","FR","France"
"494","World","GB","United Kingdom"
"495","World","GC","Madagascar"
"496","World","GD","Grenada"
"497","World","GG","Georgia"
"498","World","GH","Ghana"
"499","World","GI","Gibraltar"
"500","World","GM","Guam"
"501","World","GO","Gabon"
"502","World","GP","Guadeloupe"
"503","World","GR","Greece"
"504","World","GT","Guatemala"
"505","World","GU","Guinea"
"506","World","GY","Guyana"
"507","World","HD","Honduras"
"508","World","HK","Hong Kong, China"
"509","World","HT","Haiti"
"510","World","HU","Hungary"
"511","World","IC","Iceland"
"512","World","ID","Indonesia"
"513","World","IE","Ireland"
"514","World","IN","India"
"515","World","IQ","Iraq"
"516","World","IR","Iran"
"517","World","IS","Israel"
"518","World","IT","Italy"
"519","World","JM","Jamaica"
"520","World","JO","Jordan"
"521","World","JP","Japan"
"522","World","KA","Sri Lanka"
"523","World","KB","Kiribati"
"524","World","KK","Kazakhstan"
"525","World","KR","South Korea"
"526","World","KT","St Kitts"
"527","World","KW","Kuwait"
"528","World","KY","Kenya"
"529","World","KZ","Kyrgyzstan"
"530","World","LA","Latvia"
"531","World","LB","Lebanon"
"532","World","LC","St Lucia"
"533","World","LE","Liberia"
"534","World","LI","Liechtenstein"
"535","World","LN","Sierra Leone"
"536","World","LO","Lesotho"
"537","World","LS","El Salvador"
"538","World","LT","Lithuania"
"539","World","LX","Luxembourg"
"540","World","LY","Libya"
"541","World","MA","Maldives"
"542","World","MB","Gambia"
"543","World","MD","Macedonia"
"544","World","MI","Mali"
"545","World","ML","Mongolia"
"546","World","MM","Mauritania"
"547","World","MN","Monaco"
"548","World","MO","Morocco"
"549","World","MQ","Martinique"
"550","World","MR","Myanmar"
"551","World","MS","Comoros"
"552","World","MT","Malta"
"553","World","MU","Macau"
"554","World","MV","Moldova"
"555","World","MW","Malawi"
"556","World","MX","Mexico"
"557","World","MY","Malaysia"
"558","World","NB","Namibia"
"559","World","NC","Nicaragua"
"560","World","NG","Nigeria"
"561","World","NK","North Korea"
"562","World","NL","Netherlands"
"563","World","NN","Niger"
"564","World","NO","Norway"
"565","World","NP","Nepal"
"566","World","NU","Nauru"
"567","World","NW","New Caledonia"
"568","World","NZ","New Zealand"
"569","World","OM","Oman"
"570","World","OO","Cameroon"
"571","World","PG","Paraguay"
"572","World","PH","Philippines"
"573","World","PK","Pakistan"
"574","World","PL","Poland"
"575","World","PM","Panama"
"576","World","PP","Papua New Guinea"
"577","World","PR","Puerto Rico"
"578","World","PT","Portugal"
"579","World","PU","Peru"
"580","World","QT","Qatar"
"581","World","RI","Costa Rica"
"582","World","RO","Romania"
"583","World","RR","Andorra"
"584","World","RU","Russia"
"585","World","RW","Rwanda"
"586","World","SA","Saudi Arabia"
"587","World","SD","Sudan"
"588","World","SE","Sweden"
"589","World","SG","Singapore"
"590","World","SI","Solomon Islands"
"591","World","SK","Slovakia"
"592","World","SL","Senegal"
"593","World","SO","Somalia"
"594","World","SS","Guinea-Bissau"
"595","World","SU","Suriname"
"596","World","SV","Slovenia"
"597","World","SW","Botswana"
"598","World","SY","Syria"
"599","World","SZ","Swaziland"
"600","World","TG","Tonga"
"601","World","TH","Thailand"
"602","World","TK","Tajikistan"
"603","World","TM","Turkmenistan"
"604","World","TO","Togo"
"605","World","TR","Turkey"
"606","World","TS","Mauritius"
"607","World","TT","Trinidad and Tobago"
"608","World","TU","Tunisia"
"609","World","TV","Tuvalu"
"610","World","TW","Taiwan"
"611","World","TZ","Tanzania"
"612","World","UA","United Arab Emirates"
"613","World","UG","Uganda"
"614","World","UK","Ukraine"
"615","World","UN","Réunion"
"616","World","US","USA"
"617","World","UU","Burundi"
"618","World","UY","Uruguay"
"619","World","UZ","Uzbekistan"
"620","World","VE","Venezuela"
"621","World","VG","St Vincent and the Grenadines"
"622","World","VI","British Virgin Islands"
"623","World","VN","Vietnam"
"624","World","VT","Vanuatu"
"625","World","WS","Samoa"
"626","World","YC","Seychelles"
"627","World","YE","Yemen"
"628","World","ZA","South Africa"
"629","World","ZB","Zambia"
"630","World","ZI","Congo, Democratic Republic"
"631","World","ZM","Mozambique"
"632","World","ZW","Zimbabwe"
"633","World","RS","Serbia"
"634","World","KS","Kosovo"
"635","World","ME","Montenegro"
"636","World","CC","Curacao"
"637","World","SM","Sint Maarten"
"638","World","SN","South Sudan"
"639","World","UV","US Virgin Islands"
"640","GCC","BH","Bahrain"
"641","GCC","KW","Kuwait"
"642","GCC","OM","Oman"
"643","GCC","QT","Qatar"
"644","GCC","SA","Saudi Arabia"
"645","GCC","UA","United Arab Emirates"
"646","BRIC","BR","Brazil"
"647","BRIC","CN","China"
"648","BRIC","IN","India"
"649","BRIC","RU","Russia"
"650","Developed countries","AT","Austria"
"651","Developed countries","AU","Australia"
"652","Developed countries","BD","Bermuda"
"653","Developed countries","BE","Belgium"
"654","Developed countries","CA","Canada"
"655","Developed countries","CH","Switzerland"
"656","Developed countries","CS","Czech Republic"
"657","Developed countries","CY","Cyprus"
"658","Developed countries","DE","Germany"
"659","Developed countries","DK","Denmark"
"660","Developed countries","ES","Spain"
"661","Developed countries","ET","Estonia"
"662","Developed countries","FI","Finland"
"663","Developed countries","FR","France"
"664","Developed countries","GB","United Kingdom"
"665","Developed countries","GR","Greece"
"666","Developed countries","HK","Hong Kong, China"
"667","Developed countries","IC","Iceland"
"668","Developed countries","IE","Ireland"
"669","Developed countries","IS","Israel"
"670","Developed countries","IT","Italy"
"671","Developed countries","JP","Japan"
"672","Developed countries","KR","South Korea"
"673","Developed countries","LI","Liechtenstein"
"674","Developed countries","LX","Luxembourg"
"675","Developed countries","MN","Monaco"
"676","Developed countries","MT","Malta"
"677","Developed countries","NL","Netherlands"
"678","Developed countries","NO","Norway"
"679","Developed countries","NZ","New Zealand"
"680","Developed countries","PT","Portugal"
"681","Developed countries","RR","Andorra"
"682","Developed countries","SE","Sweden"
"683","Developed countries","SG","Singapore"
"684","Developed countries","SK","Slovakia"
"685","Developed countries","SV","Slovenia"
"686","Developed countries","TW","Taiwan"
"687","Developed countries","US","USA"
"688","Emerging and developing countries","AA","Antigua"
"689","Emerging and developing countries","AB","Albania"
"690","Emerging and developing countries","AC","Central African Republic"
"691","Emerging and developing countries","AF","Afghanistan"
"692","Emerging and developing countries","AG","Angola"
"693","Emerging and developing countries","AI","Anguilla"
"694","Emerging and developing countries","AJ","Azerbaijan"
"695","Emerging and developing countries","AL","Algeria"
"696","Emerging and developing countries","AM","Armenia"
"697","Emerging and developing countries","AO","Laos"
"698","Emerging and developing countries","AR","Argentina"
"699","Emerging and developing countries","AS","American Samoa"
"700","Emerging and developing countries","AZ","Aruba"
"701","Emerging and developing countries","BB","Barbados"
"702","Emerging and developing countries","BF","Burkina Faso"
"703","Emerging and developing countries","BG","Bangladesh"
"704","Emerging and developing countries","BH","Bahrain"
"705","Emerging and developing countries","BI","Benin"
"706","Emerging and developing countries","BL","Belarus"
"707","Emerging and developing countries","BM","Bahamas"
"708","Emerging and developing countries","BN","Bhutan"
"709","Emerging and developing countries","BR","Brazil"
"710","Emerging and developing countries","BS","Bosnia-Herzegovina"
"711","Emerging and developing countries","BU","Bulgaria"
"712","Emerging and developing countries","BV","Bolivia"
"713","Emerging and developing countries","BZ","Belize"
"714","Emerging and developing countries","CB","Cambodia"
"715","Emerging and developing countries","CD","Chad"
"716","Emerging and developing countries","CG","Congo-Brazzaville"
"717","Emerging and developing countries","CI","C?te d'Ivoire"
"718","Emerging and developing countries","CL","Chile"
"719","Emerging and developing countries","CM","Cayman Islands"
"720","Emerging and developing countries","CN","China"
"721","Emerging and developing countries","CO","Colombia"
"722","Emerging and developing countries","CP","Sao Tomé e Pr?ncipe"
"723","Emerging and developing countries","CR","Croatia"
"724","Emerging and developing countries","CU","Cuba"
"725","Emerging and developing countries","CV","Cape Verde"
"726","Emerging and developing countries","DJ","Djibouti"
"727","Emerging and developing countries","DM","Dominica"
"728","Emerging and developing countries","DR","Dominican Republic"
"729","Emerging and developing countries","EC","Ecuador"
"730","Emerging and developing countries","EE","Eritrea"
"731","Emerging and developing countries","EG","Egypt"
"732","Emerging and developing countries","EI","Brunei"
"733","Emerging and developing countries","EP","Ethiopia"
"734","Emerging and developing countries","EQ","Equatorial Guinea"
"735","Emerging and developing countries","FG","French Guiana"
"736","Emerging and developing countries","FJ","Fiji"
"737","Emerging and developing countries","FP","French Polynesia"
"738","Emerging and developing countries","GC","Madagascar"
"739","Emerging and developing countries","GD","Grenada"
"740","Emerging and developing countries","GG","Georgia"
"741","Emerging and developing countries","GH","Ghana"
"742","Emerging and developing countries","GI","Gibraltar"
"743","Emerging and developing countries","GM","Guam"
"744","Emerging and developing countries","GO","Gabon"
"745","Emerging and developing countries","GP","Guadeloupe"
"746","Emerging and developing countries","GT","Guatemala"
"747","Emerging and developing countries","GU","Guinea"
"748","Emerging and developing countries","GY","Guyana"
"749","Emerging and developing countries","HD","Honduras"
"750","Emerging and developing countries","HT","Haiti"
"751","Emerging and developing countries","HU","Hungary"
"752","Emerging and developing countries","ID","Indonesia"
"753","Emerging and developing countries","IN","India"
"754","Emerging and developing countries","IQ","Iraq"
"755","Emerging and developing countries","IR","Iran"
"756","Emerging and developing countries","JM","Jamaica"
"757","Emerging and developing countries","JO","Jordan"
"758","Emerging and developing countries","KA","Sri Lanka"
"759","Emerging and developing countries","KB","Kiribati"
"760","Emerging and developing countries","KK","Kazakhstan"
"761","Emerging and developing countries","KT","St Kitts"
"762","Emerging and developing countries","KW","Kuwait"
"763","Emerging and developing countries","KY","Kenya"
"764","Emerging and developing countries","KZ","Kyrgyzstan"
"765","Emerging and developing countries","LA","Latvia"
"766","Emerging and developing countries","LB","Lebanon"
"767","Emerging and developing countries","LC","St Lucia"
"768","Emerging and developing countries","LE","Liberia"
"769","Emerging and developing countries","LN","Sierra Leone"
"770","Emerging and developing countries","LO","Lesotho"
"771","Emerging and developing countries","LS","El Salvador"
"772","Emerging and developing countries","LT","Lithuania"
"773","Emerging and developing countries","LY","Libya"
"774","Emerging and developing countries","MA","Maldives"
"775","Emerging and developing countries","MB","Gambia"
"776","Emerging and developing countries","MD","Macedonia"
"777","Emerging and developing countries","MI","Mali"
"778","Emerging and developing countries","ML","Mongolia"
"779","Emerging and developing countries","MM","Mauritania"
"780","Emerging and developing countries","MO","Morocco"
"781","Emerging and developing countries","MQ","Martinique"
"782","Emerging and developing countries","MR","Myanmar"
"783","Emerging and developing countries","MS","Comoros"
"784","Emerging and developing countries","MU","Macau"
"785","Emerging and developing countries","MV","Moldova"
"786","Emerging and developing countries","MW","Malawi"
"787","Emerging and developing countries","MX","Mexico"
"788","Emerging and developing countries","MY","Malaysia"
"789","Emerging and developing countries","NB","Namibia"
"790","Emerging and developing countries","NC","Nicaragua"
"791","Emerging and developing countries","NG","Nigeria"
"792","Emerging and developing countries","NK","North Korea"
"793","Emerging and developing countries","NN","Niger"
"794","Emerging and developing countries","NP","Nepal"
"795","Emerging and developing countries","NU","Nauru"
"796","Emerging and developing countries","NW","New Caledonia"
"797","Emerging and developing countries","OM","Oman"
"798","Emerging and developing countries","OO","Cameroon"
"799","Emerging and developing countries","PG","Paraguay"
"800","Emerging and developing countries","PH","Philippines"
"801","Emerging and developing countries","PK","Pakistan"
"802","Emerging and developing countries","PL","Poland"
"803","Emerging and developing countries","PM","Panama"
"804","Emerging and developing countries","PP","Papua New Guinea"
"805","Emerging and developing countries","PR","Puerto Rico"
"806","Emerging and developing countries","PU","Peru"
"807","Emerging and developing countries","QT","Qatar"
"808","Emerging and developing countries","RI","Costa Rica"
"809","Emerging and developing countries","RO","Romania"
"810","Emerging and developing countries","RU","Russia"
"811","Emerging and developing countries","RW","Rwanda"
"812","Emerging and developing countries","SA","Saudi Arabia"
"813","Emerging and developing countries","SD","Sudan"
"814","Emerging and developing countries","SI","Solomon Islands"
"815","Emerging and developing countries","SL","Senegal"
"816","Emerging and developing countries","SO","Somalia"
"817","Emerging and developing countries","SS","Guinea-Bissau"
"818","Emerging and developing countries","SU","Suriname"
"819","Emerging and developing countries","SW","Botswana"
"820","Emerging and developing countries","SY","Syria"
"821","Emerging and developing countries","SZ","Swaziland"
"822","Emerging and developing countries","TG","Tonga"
"823","Emerging and developing countries","TH","Thailand"
"824","Emerging and developing countries","TK","Tajikistan"
"825","Emerging and developing countries","TM","Turkmenistan"
"826","Emerging and developing countries","TO","Togo"
"827","Emerging and developing countries","TR","Turkey"
"828","Emerging and developing countries","TS","Mauritius"
"829","Emerging and developing countries","TT","Trinidad and Tobago"
"830","Emerging and developing countries","TU","Tunisia"
"831","Emerging and developing countries","TV","Tuvalu"
"832","Emerging and developing countries","TZ","Tanzania"
"833","Emerging and developing countries","UA","United Arab Emirates"
"834","Emerging and developing countries","UG","Uganda"
"835","Emerging and developing countries","UK","Ukraine"
"836","Emerging and developing countries","UN","Réunion"
"837","Emerging and developing countries","UU","Burundi"
"838","Emerging and developing countries","UY","Uruguay"
"839","Emerging and developing countries","UZ","Uzbekistan"
"840","Emerging and developing countries","VE","Venezuela"
"841","Emerging and developing countries","VG","St Vincent and the Grenadines"
"842","Emerging and developing countries","VI","British Virgin Islands"
"843","Emerging and developing countries","VN","Vietnam"
"844","Emerging and developing countries","VT","Vanuatu"
"845","Emerging and developing countries","WS","Samoa"
"846","Emerging and developing countries","YC","Seychelles"
"847","Emerging and developing countries","YE","Yemen"
"848","Emerging and developing countries","ZA","South Africa"
"849","Emerging and developing countries","ZB","Zambia"
"850","Emerging and developing countries","ZI","Congo, Democratic Republic"
"851","Emerging and developing countries","ZM","Mozambique"
"852","Emerging and developing countries","ZW","Zimbabwe"
"853","Emerging and developing countries","RS","Serbia"
"854","Emerging and developing countries","KS","Kosovo"
"855","Emerging and developing countries","ME","Montenegro"
"856","Emerging and developing countries","CC","Curacao"
"857","Emerging and developing countries","SM","Sint Maarten"
"858","Emerging and developing countries","SN","South Sudan"
"859","Emerging and developing countries","UV","US Virgin Islands"
"860","G20","AR","Argentina"
"861","G20","AT","Austria"
"862","G20","AU","Australia"
"863","G20","BE","Belgium"
"864","G20","BR","Brazil"
"865","G20","BU","Bulgaria"
"866","G20","CA","Canada"
"867","G20","CN","China"
"868","G20","CS","Czech Republic"
"869","G20","CY","Cyprus"
"870","G20","DE","Germany"
"871","G20","DK","Denmark"
"872","G20","ES","Spain"
"873","G20","ET","Estonia"
"874","G20","FI","Finland"
"875","G20","FR","France"
"876","G20","GB","United Kingdom"
"877","G20","GR","Greece"
"878","G20","HU","Hungary"
"879","G20","ID","Indonesia"
"880","G20","IE","Ireland"
"881","G20","IN","India"
"882","G20","IT","Italy"
"883","G20","JP","Japan"
"884","G20","KR","South Korea"
"885","G20","LA","Latvia"
"886","G20","LT","Lithuania"
"887","G20","LX","Luxembourg"
"888","G20","MT","Malta"
"889","G20","MX","Mexico"
"890","G20","NL","Netherlands"
"891","G20","PL","Poland"
"892","G20","PT","Portugal"
"893","G20","RO","Romania"
"894","G20","RU","Russia"
"895","G20","SA","Saudi Arabia"
"896","G20","SE","Sweden"
"897","G20","SK","Slovakia"
"898","G20","SV","Slovenia"
"899","G20","TR","Turkey"
"900","G20","US","USA"
"901","G20","ZA","South Africa"
"902","Middle East and North Africa","AL","Algeria"
"903","Middle East and North Africa","BH","Bahrain"
"904","Middle East and North Africa","DJ","Djibouti"
"905","Middle East and North Africa","EG","Egypt"
"906","Middle East and North Africa","IQ","Iraq"
"907","Middle East and North Africa","IR","Iran"
"908","Middle East and North Africa","IS","Israel"
"909","Middle East and North Africa","JO","Jordan"
"910","Middle East and North Africa","KW","Kuwait"
"911","Middle East and North Africa","LB","Lebanon"
"912","Middle East and North Africa","LY","Libya"
"913","Middle East and North Africa","MM","Mauritania"
"914","Middle East and North Africa","MO","Morocco"
"915","Middle East and North Africa","OM","Oman"
"916","Middle East and North Africa","QT","Qatar"
"917","Middle East and North Africa","SA","Saudi Arabia"
"918","Middle East and North Africa","SD","Sudan"
"919","Middle East and North Africa","SY","Syria"
"920","Middle East and North Africa","TU","Tunisia"
"921","Middle East and North Africa","UA","United Arab Emirates"
"922","Middle East and North Africa","YE","Yemen"
"923","Sub-Saharan Africa","AC","Central African Republic"
"924","Sub-Saharan Africa","AG","Angola"
"925","Sub-Saharan Africa","BF","Burkina Faso"
"926","Sub-Saharan Africa","BI","Benin"
"927","Sub-Saharan Africa","CD","Chad"
"928","Sub-Saharan Africa","CG","Congo-Brazzaville"
"929","Sub-Saharan Africa","CI","C?te d'Ivoire"
"930","Sub-Saharan Africa","CP","Sao Tomé e Pr?ncipe"
"931","Sub-Saharan Africa","CV","Cape Verde"
"932","Sub-Saharan Africa","EE","Eritrea"
"933","Sub-Saharan Africa","EP","Ethiopia"
"934","Sub-Saharan Africa","EQ","Equatorial Guinea"
"935","Sub-Saharan Africa","GC","Madagascar"
"936","Sub-Saharan Africa","GH","Ghana"
"937","Sub-Saharan Africa","GO","Gabon"
"938","Sub-Saharan Africa","GU","Guinea"
"939","Sub-Saharan Africa","KY","Kenya"
"940","Sub-Saharan Africa","LE","Liberia"
"941","Sub-Saharan Africa","LN","Sierra Leone"
"942","Sub-Saharan Africa","LO","Lesotho"
"943","Sub-Saharan Africa","MB","Gambia"
"944","Sub-Saharan Africa","MI","Mali"
"945","Sub-Saharan Africa","MS","Comoros"
"946","Sub-Saharan Africa","MW","Malawi"
"947","Sub-Saharan Africa","NB","Namibia"
"948","Sub-Saharan Africa","NG","Nigeria"
"949","Sub-Saharan Africa","NN","Niger"
"950","Sub-Saharan Africa","OO","Cameroon"
"951","Sub-Saharan Africa","RW","Rwanda"
"952","Sub-Saharan Africa","SL","Senegal"
"953","Sub-Saharan Africa","SO","Somalia"
"954","Sub-Saharan Africa","SS","Guinea-Bissau"
"955","Sub-Saharan Africa","SW","Botswana"
"956","Sub-Saharan Africa","SZ","Swaziland"
"957","Sub-Saharan Africa","TO","Togo"
"958","Sub-Saharan Africa","TS","Mauritius"
"959","Sub-Saharan Africa","TZ","Tanzania"
"960","Sub-Saharan Africa","UG","Uganda"
"961","Sub-Saharan Africa","UN","Réunion"
"962","Sub-Saharan Africa","UU","Burundi"
"963","Sub-Saharan Africa","YC","Seychelles"
"964","Sub-Saharan Africa","ZA","South Africa"
"965","Sub-Saharan Africa","ZB","Zambia"
"966","Sub-Saharan Africa","ZI","Congo, Democratic Republic"
"967","Sub-Saharan Africa","ZM","Mozambique"
"968","Sub-Saharan Africa","ZW","Zimbabwe"
"969","Sub-Saharan Africa","SN","South Sudan"
